{"stats":{"minecraft:killed":{"minecraft:ender_dragon":3},"minecraft:custom":{"minecraft:interact_with_anvil":6,"minecraft:mob_kills":3,"minecraft:play_record":1,"minecraft:interact_with_crafting_table":1,"minecraft:play_one_minute":1390701,"minecraft:open_shulker_box":2,"minecraft:interact_with_grindstone":2,"minecraft:leave_game":90,"minecraft:time_since_death":1916,"minecraft:time_since_rest":1944,"minecraft:sprint_one_cm":348004,"minecraft:walk_one_cm":751548,"minecraft:drop":54,"minecraft:damage_dealt":20,"minecraft:interact_with_beacon":2,"minecraft:fly_one_cm":17569203,"minecraft:crouch_one_cm":5227,"minecraft:deaths":1,"minecraft:sneak_time":53906,"minecraft:walk_under_water_one_cm":398,"minecraft:aviate_one_cm":63165,"minecraft:jump":2367,"minecraft:walk_on_water_one_cm":4184},"minecraft:dropped":{"minecraft:ender_chest":1,"minecraft:obsidian":1,"minecraft:netherite_axe":1,"minecraft:end_stone":4,"minecraft:ender_eye":2,"minecraft:bedrock":3,"minecraft:oak_sign":1,"minecraft:elytra":1,"minecraft:flint_and_steel":1,"minecraft:end_rod":1,"minecraft:cobweb":1,"minecraft:trident":1,"minecraft:stone_button":64,"minecraft:lodestone":1,"minecraft:wooden_axe":1,"minecraft:light_gray_bed":1,"minecraft:iron_bars":1,"minecraft:stone_pickaxe":1,"minecraft:white_stained_glass":1,"minecraft:polished_granite":1,"minecraft:diorite_slab":1},"minecraft:used":{"minecraft:diorite_stairs":18,"minecraft:quartz_bricks":1,"minecraft:water_bucket":117,"minecraft:nether_brick_fence":20,"minecraft:trident":4,"minecraft:diorite":117,"minecraft:end_rod":749,"minecraft:iron_bars":4,"minecraft:enchanting_table":6,"minecraft:wither_skeleton_skull":4,"minecraft:lodestone":147,"minecraft:snow_block":13,"minecraft:flint_and_steel":4,"minecraft:smooth_quartz_slab":663,"minecraft:polished_blackstone":68,"minecraft:polished_diorite_slab":60,"minecraft:bone_block":39,"minecraft:birch_wood":4,"minecraft:oak_sign":1,"minecraft:blackstone":273,"minecraft:ender_pearl":10,"minecraft:ender_chest":10,"minecraft:redstone_block":1,"minecraft:white_shulker_box":7,"minecraft:beacon":44,"minecraft:stonecutter":4,"minecraft:quartz_stairs":173,"minecraft:polished_blackstone_wall":56,"minecraft:smooth_quartz_stairs":59,"minecraft:soul_campfire":7,"minecraft:white_wool":1,"minecraft:torch":3,"minecraft:respawn_anchor":36,"minecraft:dark_oak_trapdoor":18,"minecraft:diamond_block":150,"minecraft:anvil":53,"minecraft:infested_chiseled_stone_bricks":25,"minecraft:tnt":29,"minecraft:crafting_table":1,"minecraft:hopper":13,"minecraft:blackstone_wall":103,"minecraft:sponge":7,"minecraft:chiseled_quartz_block":4,"minecraft:blue_ice":1,"minecraft:end_stone":148,"minecraft:warped_planks":31,"minecraft:mushroom_stem":1,"minecraft:obsidian":239,"minecraft:polished_diorite":1513,"minecraft:shroomlight":83,"minecraft:birch_fence":18,"minecraft:creeper_spawn_egg":2,"minecraft:polished_blackstone_slab":119,"minecraft:glass":2,"minecraft:piston":1,"minecraft:netherite_block":92,"minecraft:lever":23,"minecraft:ender_eye":73,"minecraft:packed_ice":1,"minecraft:sea_lantern":380,"minecraft:crying_obsidian":734,"minecraft:warped_trapdoor":4,"minecraft:quartz_pillar":9,"minecraft:light_gray_stained_glass":17,"minecraft:daylight_detector":38,"minecraft:music_disc_pigstep":1,"minecraft:command_block":4,"minecraft:quartz_slab":534,"minecraft:iron_block":20,"minecraft:stone_button":2,"minecraft:quartz_block":688,"minecraft:stone_slab":22,"minecraft:dark_oak_slab":33,"minecraft:smooth_quartz":1644,"minecraft:iron_door":3,"minecraft:diorite_wall":1602,"minecraft:soul_lantern":252,"minecraft:blackstone_slab":76,"minecraft:bedrock":228,"minecraft:diamond_sword":10,"minecraft:glowstone":31,"minecraft:magma_block":1201,"minecraft:bow":132,"minecraft:snow":23,"minecraft:end_crystal":130,"minecraft:iron_trapdoor":212,"minecraft:grindstone":26,"minecraft:dark_oak_fence":26,"minecraft:white_stained_glass":93,"minecraft:end_portal_frame":17,"minecraft:chain":24,"minecraft:polished_diorite_stairs":135,"minecraft:skeleton_skull":16,"minecraft:ice":18,"minecraft:polished_blackstone_button":1,"minecraft:observer":4,"minecraft:light_gray_bed":1,"minecraft:diorite_slab":137,"minecraft:jukebox":3,"minecraft:polished_blackstone_stairs":25,"minecraft:cobweb":5,"minecraft:soul_torch":101,"minecraft:green_stained_glass":10},"minecraft:crafted":{"minecraft:jukebox":1},"minecraft:picked_up":{"minecraft:salmon":2,"minecraft:beacon":5,"minecraft:stone_pickaxe":1,"minecraft:ender_eye":16,"minecraft:netherite_axe":1,"minecraft:piston":1,"minecraft:end_stone":5,"minecraft:torch":1,"minecraft:soul_torch":9,"minecraft:music_disc_pigstep":1,"minecraft:quartz_block":3,"minecraft:soul_lantern":16,"minecraft:lever":1,"minecraft:end_rod":5,"minecraft:cod":13}},"DataVersion":2586}