{"stats":{"minecraft:custom":{"minecraft:jump":78,"minecraft:time_since_rest":46692,"minecraft:crouch_one_cm":184,"minecraft:play_one_minute":46692,"minecraft:leave_game":1,"minecraft:sprint_one_cm":1393,"minecraft:time_since_death":46692,"minecraft:walk_on_water_one_cm":1839,"minecraft:walk_one_cm":18715,"minecraft:sneak_time":1525,"minecraft:drop":9,"minecraft:fly_one_cm":889803,"minecraft:aviate_one_cm":1539933},"minecraft:picked_up":{"minecraft:wooden_axe":9},"minecraft:dropped":{"minecraft:wooden_axe":9},"minecraft:used":{"minecraft:warped_fence":15,"minecraft:sea_lantern":19,"minecraft:dark_prismarine":53,"minecraft:end_rod":10,"minecraft:firework_rocket":11,"minecraft:prismarine_wall":65,"minecraft:prismarine_bricks":1}},"DataVersion":2586}