{"stats":{"minecraft:used":{"minecraft:end_rod":389,"minecraft:red_sand":21,"minecraft:prismarine_brick_slab":516,"minecraft:flint_and_steel":1,"minecraft:prismarine":514,"minecraft:lime_wool":49,"minecraft:prismarine_stairs":298,"minecraft:oak_sign":1,"minecraft:birch_boat":3,"minecraft:purple_glazed_terracotta":173,"minecraft:stone":10,"minecraft:redstone_block":583,"minecraft:warped_sign":5,"minecraft:beacon":18,"minecraft:gilded_blackstone":30,"minecraft:soul_campfire":1,"minecraft:respawn_anchor":5,"minecraft:warped_wart_block":2,"minecraft:tnt":5,"minecraft:dark_prismarine_slab":278,"minecraft:prismarine_bricks":6183,"minecraft:prismarine_brick_stairs":667,"minecraft:sponge":29,"minecraft:warped_pressure_plate":3,"minecraft:warped_planks":22,"minecraft:polished_diorite":25,"minecraft:cyan_stained_glass":9,"minecraft:obsidian":2,"minecraft:shroomlight":163,"minecraft:glass":135,"minecraft:wooden_axe":11,"minecraft:dark_prismarine":839,"minecraft:packed_ice":2,"minecraft:sea_lantern":704,"minecraft:firework_rocket":721,"minecraft:lava_bucket":13,"minecraft:bricks":88,"minecraft:warped_trapdoor":3,"minecraft:command_block":1,"minecraft:iron_block":203,"minecraft:warped_slab":21,"minecraft:string":1,"minecraft:warped_fence":237,"minecraft:pig_spawn_egg":8,"minecraft:polished_granite":16,"minecraft:prismarine_wall":2041,"minecraft:prismarine_slab":363,"minecraft:soul_lantern":17,"minecraft:bedrock":9,"minecraft:glowstone":125,"minecraft:magma_block":127,"minecraft:warped_stairs":1,"minecraft:warped_fence_gate":4,"minecraft:white_stained_glass":9,"minecraft:netherite_pickaxe":3,"minecraft:end_portal_frame":7,"minecraft:warped_button":3,"minecraft:dark_prismarine_stairs":132},"minecraft:dropped":{"minecraft:stone_axe":1,"minecraft:dark_prismarine_slab":4,"minecraft:bedrock":2,"minecraft:elytra":1,"minecraft:sea_lantern":3,"minecraft:torch":1,"minecraft:wooden_axe":5,"minecraft:prismarine_bricks":5,"minecraft:magma_block":1,"minecraft:prismarine_wall":1},"minecraft:killed":{"minecraft:pig":7},"minecraft:custom":{"minecraft:mob_kills":7,"minecraft:play_one_minute":1486673,"minecraft:leave_game":57,"minecraft:time_since_death":1486673,"minecraft:time_since_rest":1486673,"minecraft:sprint_one_cm":112903,"minecraft:walk_one_cm":987535,"minecraft:drop":24,"minecraft:damage_dealt":700,"minecraft:interact_with_beacon":1,"minecraft:fly_one_cm":18885107,"minecraft:open_chest":1,"minecraft:crouch_one_cm":2458,"minecraft:sneak_time":58393,"minecraft:walk_under_water_one_cm":28134,"minecraft:boat_one_cm":39991,"minecraft:aviate_one_cm":11956979,"minecraft:jump":2418,"minecraft:walk_on_water_one_cm":180699},"minecraft:picked_up":{"minecraft:wooden_axe":1,"minecraft:fishing_rod":1,"minecraft:leather_chestplate":1,"minecraft:wheat":7,"minecraft:bedrock":2,"minecraft:prismarine_bricks":3,"minecraft:paper":11,"minecraft:elytra":1,"minecraft:iron_ingot":11,"minecraft:iron_nugget":3,"minecraft:torch":1,"minecraft:rotten_flesh":3,"minecraft:diamond":1,"minecraft:stone_axe":1,"minecraft:emerald":4,"minecraft:coal":4}},"DataVersion":2586}