{
  "bonus_chest": false,
  "dimensions": {
    "minecraft:overworld": {
      "type": "minecraft:overworld",
      "generator": {
        "settings": {
          "lakes": false,
          "features": false,
          "biome": "minecraft:deep_ocean",
          "structures": {
            "structures": {
              "minecraft:ocean_ruin": {
                "spacing": 20,
                "separation": 8,
                "salt": 14357621
              },
              "minecraft:shipwreck": {
                "spacing": 24,
                "separation": 4,
                "salt": 165745295
              },
              "minecraft:monument": {
                "spacing": 32,
                "separation": 5,
                "salt": 10387313
              }
            }
          },
          "layers": [
            {
              "height": 1,
              "block": "minecraft:bedrock"
            },
            {
              "height": 1,
              "block": "minecraft:water"
            }
          ]
        },
        "type": "minecraft:flat"
      }
    },
    "minecraft:the_nether": {
      "type": "minecraft:the_nether",
      "generator": {
        "biome_source": {
          "preset": "minecraft:nether",
          "seed": 2548106957013979209,
          "type": "minecraft:multi_noise"
        },
        "seed": 2548106957013979209,
        "settings": "minecraft:nether",
        "type": "minecraft:noise"
      }
    },
    "minecraft:the_end": {
      "type": "minecraft:the_end",
      "generator": {
        "biome_source": {
          "seed": 2548106957013979209,
          "type": "minecraft:the_end"
        },
        "seed": 2548106957013979209,
        "settings": "minecraft:end",
        "type": "minecraft:noise"
      }
    }
  },
  "seed": 2548106957013979209,
  "generate_features": true
}