{"stats":{"minecraft:picked_up":{"minecraft:anvil":1,"minecraft:light":1,"minecraft:lantern":2,"minecraft:orange_concrete":1,"minecraft:green_concrete":1},"minecraft:used":{"minecraft:deepslate_brick_wall":1,"minecraft:oak_fence":1,"minecraft:oak_trapdoor":9,"minecraft:writable_book":2,"minecraft:end_rod":241,"minecraft:iron_bars":1,"minecraft:cobblestone_stairs":353,"minecraft:orange_concrete":37,"minecraft:flint_and_steel":39,"minecraft:dispenser":1,"minecraft:red_concrete":8,"minecraft:stone_shovel":5,"minecraft:spruce_slab":358,"minecraft:elytra":3,"minecraft:polished_diorite_slab":7,"minecraft:andesite_slab":8,"minecraft:polished_basalt":26,"minecraft:spruce_planks":230,"minecraft:ender_chest":4,"minecraft:brown_concrete":87,"minecraft:stone":102,"minecraft:redstone_block":33,"minecraft:red_nether_brick_stairs":1,"minecraft:stonecutter":3,"minecraft:cobblestone_slab":1171,"minecraft:spruce_fence_gate":1,"minecraft:deepslate_bricks":3,"minecraft:netherrack":31,"minecraft:white_candle":12,"minecraft:torch":34,"minecraft:pink_concrete":2,"minecraft:polished_deepslate_slab":5,"minecraft:dirt":23,"minecraft:anvil":327,"minecraft:white_carpet":1,"minecraft:light_blue_concrete":88,"minecraft:tnt":1,"minecraft:hopper":4,"minecraft:prismarine_bricks":2,"minecraft:jungle_planks":8,"minecraft:spruce_stairs":125,"minecraft:cobblestone_wall":1995,"minecraft:yellow_concrete":124,"minecraft:campfire":8,"minecraft:stone_brick_wall":160,"minecraft:note_block":1,"minecraft:gray_concrete":8,"minecraft:tuff":458,"minecraft:jungle_trapdoor":105,"minecraft:glow_lichen":481,"minecraft:spruce_fence":452,"minecraft:blue_concrete":20,"minecraft:spruce_log":3,"minecraft:stripped_spruce_log":1,"minecraft:polished_diorite":25,"minecraft:shroomlight":412,"minecraft:andesite_wall":196,"minecraft:brown_terracotta":7,"minecraft:dark_oak_planks":19,"minecraft:stone_brick_slab":785,"minecraft:green_concrete":496,"minecraft:lever":2,"minecraft:light":139,"minecraft:sea_lantern":14,"minecraft:black_wool":36,"minecraft:firework_rocket":3211,"minecraft:warped_trapdoor":10,"minecraft:daylight_detector":12,"minecraft:crying_obsidian":9,"minecraft:light_gray_concrete":18,"minecraft:red_wool":386,"minecraft:lantern":147,"minecraft:iron_block":14,"minecraft:light_gray_candle":19,"minecraft:gray_candle":48,"minecraft:polished_deepslate_wall":54,"minecraft:spruce_pressure_plate":1,"minecraft:lectern":1,"minecraft:cyan_concrete":2,"minecraft:magenta_concrete":82,"minecraft:spruce_trapdoor":29,"minecraft:polished_granite":37,"minecraft:deepslate":8,"minecraft:diorite_wall":16,"minecraft:barrel":1,"minecraft:stone_brick_stairs":581,"minecraft:stone_bricks":3745,"minecraft:item_frame":1,"minecraft:chiseled_stone_bricks":35,"minecraft:cobblestone":100,"minecraft:exposed_cut_copper_slab":3,"minecraft:purple_concrete":329,"minecraft:glowstone":6,"minecraft:red_carpet":20,"minecraft:redstone_lamp":2,"minecraft:written_book":1,"minecraft:iron_trapdoor":15,"minecraft:furnace":3,"minecraft:grindstone":55,"minecraft:dark_oak_fence":138,"minecraft:andesite_stairs":163,"minecraft:andesite":323,"minecraft:chain":120,"minecraft:polished_diorite_stairs":6,"minecraft:gold_block":408,"minecraft:white_concrete":276,"minecraft:coarse_dirt":1,"minecraft:observer":3},"minecraft:dropped":{"minecraft:pink_concrete":1,"minecraft:daylight_detector":1,"minecraft:anvil":2,"minecraft:tuff":2,"minecraft:orange_concrete":1,"minecraft:grindstone":1,"minecraft:lantern":3,"minecraft:green_concrete":2,"minecraft:red_wool":3,"minecraft:jungle_trapdoor":1,"minecraft:glow_lichen":2,"minecraft:magenta_concrete":1,"minecraft:spruce_fence":1,"minecraft:elytra":3,"minecraft:light":66,"minecraft:gold_block":1,"minecraft:shroomlight":2,"minecraft:dark_oak_fence":2,"minecraft:wooden_axe":2,"minecraft:white_concrete":2,"minecraft:glowstone":1,"minecraft:chain":1,"minecraft:stone_bricks":3,"minecraft:stonecutter":1,"minecraft:written_book":1,"minecraft:brown_concrete":1},"minecraft:custom":{"minecraft:interact_with_anvil":7,"minecraft:open_barrel":3,"minecraft:interact_with_grindstone":1,"minecraft:leave_game":84,"minecraft:time_since_death":1471581,"minecraft:time_since_rest":1471581,"minecraft:sprint_one_cm":35598,"minecraft:damage_taken":170,"minecraft:walk_one_cm":573088,"minecraft:drop":107,"minecraft:fly_one_cm":16776454,"minecraft:crouch_one_cm":3173,"minecraft:play_time":1471581,"minecraft:sneak_time":75276,"minecraft:interact_with_lectern":2,"minecraft:aviate_one_cm":6314682,"minecraft:jump":1505,"minecraft:total_world_time":1854779,"minecraft:fall_one_cm":1860}},"DataVersion":2730}