{
	"credit": "Made by YSBB with Blockbench",
	"parent": "minecraft:item/tnt",
	"textures": {
		"0": "item/tnt",
		"particle": "item/tnt"
	},
	"elements": [
		{
			"from": [0, 0, 0],
			"to": [16, 0.5, 16],
			"faces": {
				"north": {"uv": [0, 0, 16, 0.5], "texture": "#0"},
				"east": {"uv": [0, 0, 16, 0.5], "texture": "#0"},
				"south": {"uv": [0, 0, 16, 0.5], "texture": "#0"},
				"west": {"uv": [0, 0, 16, 0.5], "texture": "#0"},
				"up": {"uv": [0, 0, 16, 16], "texture": "#0"},
				"down": {"uv": [0, 0, 16, 16], "texture": "#0"}
			}
		}
	],
	"gui_light": "front",
	"display": {
		"thirdperson_righthand": {
			"rotation": [128, 0, 0],
			"translation": [0, -1.25, 4],
			"scale": [0.5, 0.5, 0.5]
		},
		"thirdperson_lefthand": {
			"rotation": [128, 0, 0],
			"translation": [0, -2.75, 2.75],
			"scale": [0.5, 0.5, 0.5]
		},
		"firstperson_righthand": {
			"rotation": [90, 0, 0],
			"translation": [5, 0, 0],
			"scale": [0.5, 0.5, 0.5]
		},
		"firstperson_lefthand": {
			"rotation": [90, 0, 0],
			"translation": [5, 0, 0],
			"scale": [0.5, 0.5, 0.5]
		},
		"ground": {
			"scale": [0.5, 0.5, 0.5]
		},
		"gui": {
			"rotation": [-90, 0, 0]
		},
		"head": {
			"rotation": [90, -45, 0]
		},
		"fixed": {
			"rotation": [90, 0, 0],
			"translation": [0, 0, 7.5],
			"scale": [2.1, 1, 2.1]
		}
	}
}