{"stats":{"minecraft:killed":{"minecraft:ender_dragon":3,"minecraft:sheep":1},"minecraft:custom":{"minecraft:mob_kills":4,"minecraft:interact_with_anvil":3,"minecraft:play_record":1,"minecraft:interact_with_crafting_table":1,"minecraft:play_one_minute":1422658,"minecraft:open_shulker_box":2,"minecraft:interact_with_grindstone":2,"minecraft:leave_game":98,"minecraft:time_since_death":26490,"minecraft:time_since_rest":26524,"minecraft:sprint_one_cm":360697,"minecraft:walk_one_cm":754170,"minecraft:damage_taken":210,"minecraft:drop":51,"minecraft:damage_dealt":100,"minecraft:interact_with_beacon":2,"minecraft:fly_one_cm":17766710,"minecraft:crouch_one_cm":4996,"minecraft:deaths":1,"minecraft:sneak_time":54797,"minecraft:walk_under_water_one_cm":398,"minecraft:aviate_one_cm":63165,"minecraft:jump":2361,"minecraft:walk_on_water_one_cm":4184,"minecraft:fall_one_cm":2344},"minecraft:dropped":{"minecraft:netherite_axe":1,"minecraft:end_stone":4,"minecraft:ender_eye":2,"minecraft:bedrock":2,"minecraft:oak_sign":1,"minecraft:elytra":1,"minecraft:flint_and_steel":1,"minecraft:end_rod":1,"minecraft:cobweb":1,"minecraft:trident":1,"minecraft:stone_button":64,"minecraft:lodestone":1,"minecraft:wooden_axe":1,"minecraft:light_gray_bed":1,"minecraft:iron_bars":1,"minecraft:stone_pickaxe":1,"minecraft:white_stained_glass":1,"minecraft:polished_granite":1,"minecraft:diorite_slab":1},"minecraft:used":{"minecraft:diorite_stairs":18,"minecraft:quartz_bricks":1,"minecraft:water_bucket":117,"minecraft:nether_brick_fence":20,"minecraft:trident":4,"minecraft:diorite":117,"minecraft:end_rod":723,"minecraft:iron_bars":4,"minecraft:enchanting_table":6,"minecraft:wither_skeleton_skull":4,"minecraft:lodestone":141,"minecraft:snow_block":13,"minecraft:flint_and_steel":1,"minecraft:smooth_quartz_slab":628,"minecraft:polished_blackstone":377,"minecraft:polished_diorite_slab":24,"minecraft:bone_block":39,"minecraft:birch_wood":4,"minecraft:oak_sign":1,"minecraft:blackstone":273,"minecraft:ender_pearl":10,"minecraft:ender_chest":8,"minecraft:redstone_block":1,"minecraft:white_shulker_box":7,"minecraft:beacon":44,"minecraft:quartz_stairs":173,"minecraft:sheep_spawn_egg":1,"minecraft:polished_blackstone_wall":56,"minecraft:smooth_quartz_stairs":53,"minecraft:soul_campfire":7,"minecraft:white_wool":7,"minecraft:torch":3,"minecraft:respawn_anchor":36,"minecraft:dark_oak_trapdoor":18,"minecraft:diamond_block":97,"minecraft:anvil":49,"minecraft:infested_chiseled_stone_bricks":25,"minecraft:tnt":29,"minecraft:crafting_table":1,"minecraft:hopper":13,"minecraft:blackstone_wall":186,"minecraft:sponge":7,"minecraft:chiseled_quartz_block":4,"minecraft:blue_ice":179,"minecraft:piston":1,"minecraft:end_stone":148,"minecraft:obsidian":240,"minecraft:light_blue_stained_glass":5,"minecraft:warped_planks":31,"minecraft:mushroom_stem":1,"minecraft:polished_diorite":1455,"minecraft:cyan_stained_glass":4,"minecraft:shroomlight":85,"minecraft:birch_fence":13,"minecraft:creeper_spawn_egg":2,"minecraft:polished_blackstone_slab":167,"minecraft:glass":2,"minecraft:netherite_block":92,"minecraft:lever":23,"minecraft:ender_eye":73,"minecraft:packed_ice":1,"minecraft:sea_lantern":551,"minecraft:crying_obsidian":729,"minecraft:music_disc_pigstep":1,"minecraft:warped_trapdoor":4,"minecraft:quartz_pillar":9,"minecraft:light_gray_stained_glass":14,"minecraft:daylight_detector":38,"minecraft:command_block":4,"minecraft:quartz_slab":547,"minecraft:red_wool":3,"minecraft:iron_block":19,"minecraft:stone_button":2,"minecraft:quartz_block":688,"minecraft:netherite_axe":1,"minecraft:stone_slab":22,"minecraft:dark_oak_slab":33,"minecraft:smooth_quartz":1662,"minecraft:iron_door":3,"minecraft:diorite_wall":1619,"minecraft:soul_lantern":252,"minecraft:blackstone_slab":76,"minecraft:bedrock":226,"minecraft:diamond_sword":10,"minecraft:magma_block":1201,"minecraft:bow":132,"minecraft:snow":23,"minecraft:end_crystal":130,"minecraft:iron_trapdoor":208,"minecraft:grindstone":21,"minecraft:dark_oak_fence":26,"minecraft:white_stained_glass":105,"minecraft:end_portal_frame":17,"minecraft:chain":23,"minecraft:polished_diorite_stairs":129,"minecraft:skeleton_skull":16,"minecraft:ice":18,"minecraft:polished_blackstone_button":1,"minecraft:light_gray_bed":1,"minecraft:diorite_slab":194,"minecraft:polished_blackstone_stairs":25,"minecraft:observer":4,"minecraft:cobweb":5,"minecraft:jukebox":3,"minecraft:soul_torch":99,"minecraft:green_stained_glass":10},"minecraft:crafted":{"minecraft:jukebox":1},"minecraft:picked_up":{"minecraft:wooden_axe":1,"minecraft:salmon":2,"minecraft:beacon":5,"minecraft:stone_pickaxe":1,"minecraft:ender_eye":16,"minecraft:netherite_axe":1,"minecraft:piston":1,"minecraft:end_stone":5,"minecraft:torch":1,"minecraft:soul_torch":7,"minecraft:music_disc_pigstep":1,"minecraft:quartz_block":3,"minecraft:soul_lantern":16,"minecraft:lever":1,"minecraft:end_rod":5,"minecraft:mutton":1,"minecraft:cod":13,"minecraft:white_wool":1}},"DataVersion":2586}