{"stats":{"minecraft:picked_up":{"minecraft:lead":4,"kaleidos:qiyuanjie":5,"minecraft:white_carpet":1,"minecraft:oak_sign":1,"minecraft:sea_pickle":6,"minecraft:dark_oak_door":1,"kaleidos:iitemjiu_10":1,"minecraft:mangrove_sign":4,"minecraft:bamboo_sign":3,"minecraft:mangrove_door":2,"minecraft:nautilus_shell":1,"minecraft:feather":4,"minecraft:leather":13,"minecraft:gray_concrete":1,"minecraft:lantern":18,"kaleidos:jiuhuhu_3":1,"minecraft:dark_oak_sign":2,"minecraft:scaffolding":17,"minecraft:pumpkin":1,"kaleidos:chahu_5":1,"minecraft:writable_book":1},"minecraft:used":{"minecraft:oak_fence":81,"minecraft:diorite_stairs":241,"minecraft:azalea":6,"minecraft:moss_block":453,"minecraft:oak_trapdoor":54,"minecraft:light_blue_banner":5,"minecraft:light_blue_stained_glass_pane":3,"kaleidos:chouqian_1":2,"minecraft:iron_bars":4,"kaleidos:diaodang":26,"minecraft:writable_book":1,"minecraft:enchanting_table":1,"minecraft:trader_llama_spawn_egg":1,"minecraft:armor_stand":9,"minecraft:spruce_slab":142,"minecraft:stone_shovel":37,"minecraft:bamboo_sign":5,"minecraft:ladder":5,"minecraft:mangrove_fence_gate":18,"minecraft:oak_sign":17,"minecraft:mycelium":1,"minecraft:light_blue_terracotta":14,"minecraft:decorated_pot":19,"minecraft:green_banner":3,"minecraft:chest":38,"minecraft:donkey_spawn_egg":1,"minecraft:white_terracotta":1,"minecraft:ender_chest":2,"minecraft:bell":2,"kaleidos:iitemjiu_10":13,"kaleidos:iitemjiu_14":4,"minecraft:mangrove_fence":19,"minecraft:stripped_birch_wood":45,"minecraft:grass":8,"kaleidos:iitemjiu_13":11,"minecraft:mangrove_hanging_sign":6,"minecraft:farmland":7,"minecraft:green_terracotta":4,"minecraft:debug_stick":5,"minecraft:soul_campfire":1,"minecraft:dirt":13,"minecraft:anvil":9,"minecraft:white_carpet":26,"minecraft:prismarine_bricks":8,"kaleidos:chahu_0":6,"minecraft:jungle_planks":33,"minecraft:cobblestone_wall":10,"minecraft:jungle_slab":369,"minecraft:orange_wool":4,"minecraft:golden_shovel":58,"kaleidos:chabei_1":3,"minecraft:jungle_trapdoor":2,"kaleidos:chabei_3":1,"minecraft:spruce_fence":159,"kaleidos:daocaoren":16,"kaleidos:iitemjiu_4":21,"minecraft:polished_diorite":3,"minecraft:andesite_wall":8,"minecraft:dark_oak_planks":53,"minecraft:glass":8,"minecraft:wooden_axe":2,"minecraft:waxed_oxidized_copper":9,"minecraft:netherite_shovel":163,"minecraft:stripped_dark_oak_wood":109,"minecraft:bookshelf":17,"minecraft:mangrove_stairs":48,"minecraft:jungle_fence_gate":5,"minecraft:lantern":94,"minecraft:grass_block":18,"minecraft:oak_stairs":17,"minecraft:acacia_slab":48,"minecraft:packed_mud":1,"minecraft:light_blue_bed":4,"minecraft:dark_oak_leaves":13,"minecraft:dark_oak_slab":506,"kaleidos:iitemjiu_15":7,"minecraft:diorite_wall":52,"minecraft:mud_bricks":2,"kaleidos:shijiu_1":1,"minecraft:prismarine_slab":7,"minecraft:stripped_mangrove_log":6,"minecraft:red_nether_brick_wall":9,"minecraft:redstone_lamp":14,"kaleidos:guanxingjia_0":3,"minecraft:hay_block":78,"minecraft:scaffolding":67,"minecraft:iron_trapdoor":67,"minecraft:furnace":1,"kaleidos:chabei_0":2,"minecraft:mangrove_slab":652,"minecraft:beetroot_seeds":58,"minecraft:gold_block":12,"minecraft:granite_wall":20,"minecraft:acacia_planks":89,"minecraft:pumpkin":17,"kaleidos:iitemjiu_7":9,"minecraft:horn_coral_fan":37,"minecraft:stripped_spruce_wood":36,"minecraft:calcite":910,"minecraft:light_blue_carpet":2,"minecraft:dark_oak_stairs":131,"minecraft:water_bucket":139,"minecraft:waxed_oxidized_cut_copper_slab":39,"minecraft:diorite":2,"minecraft:end_rod":5,"minecraft:mangrove_wood":3,"minecraft:light_blue_glazed_terracotta":17,"minecraft:cobblestone_stairs":6,"minecraft:prismarine_brick_slab":19,"minecraft:polished_andesite":12,"minecraft:lead":3,"minecraft:acacia_trapdoor":8,"minecraft:dark_oak_sign":7,"minecraft:mangrove_planks":404,"minecraft:lime_wool":81,"minecraft:mud_brick_slab":11,"minecraft:waxed_oxidized_cut_copper":9,"minecraft:andesite_slab":171,"minecraft:polished_diorite_slab":7,"minecraft:blackstone":5,"minecraft:redstone_block":17,"minecraft:red_mushroom_block":11,"minecraft:composter":8,"minecraft:cauldron":7,"minecraft:parrot_spawn_egg":3,"minecraft:cobblestone_slab":103,"minecraft:stonecutter":1,"minecraft:green_bed":1,"minecraft:spruce_fence_gate":10,"minecraft:horse_spawn_egg":9,"minecraft:oak_leaves":1306,"minecraft:white_wool":164,"minecraft:brain_coral":2,"minecraft:stripped_mangrove_wood":205,"minecraft:glow_berries":26,"minecraft:dark_oak_trapdoor":87,"minecraft:diamond_block":5,"minecraft:golden_hoe":62,"minecraft:lime_terracotta":17,"minecraft:mangrove_trapdoor":72,"minecraft:stripped_dark_oak_log":31,"kaleidos:chahu_00":3,"minecraft:crafting_table":2,"minecraft:lime_bed":12,"minecraft:loom":9,"minecraft:light_blue_wool":63,"minecraft:light_gray_terracotta":749,"minecraft:weathered_cut_copper_slab":40,"minecraft:blue_ice":1,"minecraft:campfire":177,"minecraft:mule_spawn_egg":1,"kaleidos:jiu_0":10,"minecraft:ochre_froglight":9,"minecraft:dripstone_block":2,"minecraft:gray_concrete":168,"minecraft:lingering_potion":154,"minecraft:painting":12,"minecraft:mangrove_sign":45,"minecraft:shears":13,"minecraft:spruce_log":139,"minecraft:smoker":1,"minecraft:dark_oak_door":3,"minecraft:lightning_rod":5,"minecraft:oak_log":43,"minecraft:light_blue_candle":3,"minecraft:piston":8,"minecraft:lever":2,"minecraft:flower_pot":33,"minecraft:light":15,"minecraft:daylight_detector":6,"minecraft:dark_oak_log":324,"minecraft:mangrove_pressure_plate":4,"minecraft:mangrove_door":13,"minecraft:stripped_jungle_log":20,"minecraft:birch_slab":10,"minecraft:brown_wool":41,"minecraft:warped_slab":1,"kaleidos:guopen_0":11,"minecraft:lectern":8,"minecraft:jungle_stairs":7,"minecraft:cyan_concrete":1,"minecraft:spruce_trapdoor":36,"kaleidos:iitemjiu_16":15,"minecraft:yellow_wool":80,"minecraft:polished_andesite_slab":4,"minecraft:green_candle":4,"minecraft:jungle_sign":2,"minecraft:cobblestone":351,"minecraft:azalea_leaves":4,"minecraft:stripped_oak_wood":61,"minecraft:white_banner":17,"minecraft:grindstone":1,"minecraft:dark_oak_fence":1,"minecraft:smithing_table":1,"minecraft:andesite":40,"minecraft:chain":42,"minecraft:mossy_cobblestone_wall":7,"minecraft:sea_pickle":40,"minecraft:stripped_oak_log":179,"kaleidos:iitemjiu_1":14,"minecraft:brown_mushroom_block":2,"minecraft:smooth_stone":22,"minecraft:purple_wool":4,"minecraft:diorite_slab":112,"minecraft:birch_stairs":2},"minecraft:dropped":{"minecraft:oxeye_daisy":1},"minecraft:killed":{"minecraft:horse":9,"minecraft:mule":1,"minecraft:parrot":2,"minecraft:trader_llama":2,"minecraft:donkey":1},"minecraft:custom":{"minecraft:mob_kills":15,"minecraft:interact_with_crafting_table":1,"minecraft:fill_cauldron":7,"minecraft:leave_game":27,"minecraft:time_since_death":768905,"minecraft:climb_one_cm":662,"minecraft:sprint_one_cm":144357,"minecraft:walk_one_cm":582296,"minecraft:drop":1,"minecraft:play_time":768905,"minecraft:sneak_time":21688,"minecraft:walk_under_water_one_cm":139,"minecraft:jump":938,"minecraft:walk_on_water_one_cm":2558,"minecraft:total_world_time":910275,"minecraft:interact_with_furnace":2,"minecraft:interact_with_loom":1,"minecraft:pot_flower":30,"minecraft:time_since_rest":768905,"minecraft:damage_taken":100,"minecraft:damage_dealt":4591,"minecraft:fly_one_cm":6133818,"minecraft:open_chest":1,"minecraft:crouch_one_cm":5044,"minecraft:fall_one_cm":1536,"minecraft:horse_one_cm":612}},"DataVersion":3465}